{
    "low_threshold": 101.96732845731577,
    "high_threshold": 113.78667517747243
}